Workbook

Sheet Calculator
A1: WBSEDCL NEW SERVICE CONNECTION RATE CALCULATOR
A2: Enter only the yellow cells. Execution Cost excludes separate mobilization/survey. Cable is automatically capped at the contractual maximum.
A4: SINGLE-PHASE NSC
A5: Type | B5: Cable Code | C5: Base Service Cost | D5: Rate / m | E5: Max Cable | F5: Actual Cable | G5: Allowed Cable | H5: Cable Cost | I5: EXECUTION COST | J5: Mobilization | K5: Material Deduction | L5: GST % | M5: TOTAL PAYABLE
A6: I4 | B6: =IFERROR(INDEX('Rate Master'!$C$4:$C$7,MATCH(A6,'Rate Master'!$B$4:$B$7,0)),"") -> 2C4S | C6: =IFERROR(INDEX('Rate Master'!$D$4:$D$7,MATCH(A6,'Rate Master'!$B$4:$B$7,0)),0) -> 2041.24 | D6: =IFERROR(INDEX('Rate Master'!$E$4:$E$7,MATCH(A6,'Rate Master'!$B$4:$B$7,0)),0) -> 7.88 | E6: =IFERROR(INDEX('Rate Master'!$F$4:$F$7,MATCH(A6,'Rate Master'!$B$4:$B$7,0)),0) -> 27 | F6: 20 | G6: =MIN(F6,E6) -> 20 | H6: =D6*G6 -> 157.6 | I6: =C6+H6 -> 2198.84 | J6: =50 -> 50 | K6: 0 | L6: 0 | M6: =(I6-K6)*(1+L6/100)+J6 -> 2248.84
A7: Check: | B7: For I4 + 20 m, Execution Cost should be ₹2,198.84 (matches CRM RATES.xls).
A10: THREE-PHASE NSC
A11: Type | B11: Cable Code | C11: Base Service Cost | D11: Rate / m | E11: Max Cable | F11: Actual Cable | G11: Allowed Cable | H11: Cable Cost | I11: EXECUTION COST | J11: Survey? | K11: Survey Charge | L11: Material Deduction | M11: TOTAL PAYABLE
A12: L16 | B12: =IFERROR(INDEX('Rate Master'!$C$8:$C$13,MATCH(A12,'Rate Master'!$B$8:$B$13,0)),"") -> 4C16S | C12: =IFERROR(INDEX('Rate Master'!$D$8:$D$13,MATCH(A12,'Rate Master'!$B$8:$B$13,0)),0) -> 3974.88 | D12: =IFERROR(INDEX('Rate Master'!$E$8:$E$13,MATCH(A12,'Rate Master'!$B$8:$B$13,0)),0) -> 106.05 | E12: =IFERROR(INDEX('Rate Master'!$F$8:$F$13,MATCH(A12,'Rate Master'!$B$8:$B$13,0)),0) -> 27 | F12: 20 | G12: =MIN(F12,E12) -> 20 | H12: =D12*G12 -> 2121 | I12: =C12+H12 -> 6095.88 | J12: Yes | K12: =IF(J12="Yes",53,0) -> 53 | L12: 0 | M12: =I12+K12-L12 -> 6148.88
A13: Check: | B13: Example L16 + 27 m → ₹3,974.88 + (27 × ₹106.05) = ₹6,838.23 execution cost.

Sheet Rate Master
A1: WBSEDCL NSC RATE MASTER — OFFICE ORDERS 35 & 36 (27/09/2018)
A3: Phase | B3: Type | C3: Cable Code | D3: Service Connection Cost (₹) | E3: Rate / m (₹) | F3: Max Cable (m) | G3: Separate Charge | H3: Charge Amount (₹) | I3: Charge Basis | J3: Source
A4: 1-Phase | B4: L4 | C4: 2C4S | D4: 2759.79 | E4: 7.88 | F4: 27 | G4: Mobilization | H4: 50 | I4: Per APL consumer | J4: Office Order 36, p1-3
A5: 1-Phase | B5: L6 | C5: 2C6S | D5: 2759.79 | E5: 28.06 | F5: 27 | G5: Mobilization | H5: 50 | I5: Per APL consumer | J5: Office Order 36, p1-3
A6: 1-Phase | B6: I4 | C6: 2C4S | D6: 2041.24 | E6: 7.88 | F6: 27 | G6: Mobilization | H6: 50 | I6: Per APL consumer | J6: Office Order 36, p1-3
A7: 1-Phase | B7: I6 | C7: 2C6S | D7: 2041.24 | E7: 28.06 | F7: 27 | G7: Mobilization | H7: 50 | I7: Per APL consumer | J7: Office Order 36, p1-3
A8: 3-Phase | B8: L16 | C8: 4C16S | D8: 3974.88 | E8: 106.05 | F8: 27 | G8: Survey | H8: 53 | I8: If required, per application | J8: Office Order 35, p1
A9: 3-Phase | B9: L25 | C9: 4C25S | D9: 4254.39 | E9: 147 | F9: 27 | G9: Survey | H9: 53 | I9: If required, per application | J9: Office Order 35, p1
A10: 3-Phase | B10: I16 | C10: 4C16S | D10: 3251.09 | E10: 106.05 | F10: 27 | G10: Survey | H10: 53 | I10: If required, per application | J10: Office Order 35, p1
A11: 3-Phase | B11: I25 | C11: 4C25S | D11: 3339.38 | E11: 147 | F11: 27 | G11: Survey | H11: 53 | I11: If required, per application | J11: Office Order 35, p1
A12: 3-Phase | B12: Drop 16 | C12: 4C16S | D12: 1937.85 | E12: 106.05 | F12: 10 | G12: Survey | H12: 53 | I12: If required, per application | J12: Office Order 35, p1
A13: 3-Phase | B13: Drop 25 | C13: 4C25S | D13: 1937.85 | E13: 147 | F13: 10 | G13: Survey | H13: 53 | I13: If required, per application | J13: Office Order 35, p1
A16: Source note | B16: Single Phase: Office Order No. 36 dated 27/09/2018. Three Phase: Office Order No. 35 dated 27/09/2018. Values transcribed from the uploaded documents.

Sheet CRM Check
A1: CRM RATES.XLS — OBSERVED EXECUTION COST CHECK
A3: CRM Cable Type | B3: Phase Type | C3: Cable Length (m) | D3: CRM Execution Cost | E3: Calculated Execution Cost | F3: Difference | G3: Status
A4: 2C4S | B4: I4 | C4: 20 | D4: 2198.84 | E4: =IFERROR(INDEX('Rate Master'!$D$4:$D$7,MATCH(B4,'Rate Master'!$B$4:$B$7,0))+INDEX('Rate Master'!$E$4:$E$7,MATCH(B4,'Rate Master'!$B$4:$B$7,0))*MIN(C4,INDEX('Rate Master'!$F$4:$F$7,MATCH(B4,'Rate Master'!$B$4:$B$7,0))),0) -> 2198.84 | F4: =E4-D4 -> 0 | G4: =IF(ABS(F4)<0.01,"MATCH","CHECK") -> MATCH
A5: 2C6S | B5: I6 | C5: 20 | D5: 2602.44 | E5: =IFERROR(INDEX('Rate Master'!$D$4:$D$7,MATCH(B5,'Rate Master'!$B$4:$B$7,0))+INDEX('Rate Master'!$E$4:$E$7,MATCH(B5,'Rate Master'!$B$4:$B$7,0))*MIN(C5,INDEX('Rate Master'!$F$4:$F$7,MATCH(B5,'Rate Master'!$B$4:$B$7,0))),0) -> 2602.44 | F5: =E5-D5 -> 0 | G5: =IF(ABS(F5)<0.01,"MATCH","CHECK") -> MATCH
A8: Important: The uploaded CRM extract contains observed non-zero execution costs for 2C4S and 2C6S. 3-phase values were not present in this extract, so 3-phase is sourced from Office Order No. 35.

Sheet HELP
A1: HELP / CALCULATION LOGIC
A3: Step | B3: Item | C3: Explanation
A4: 1 | B4: Enter Type | C4: Use the dropdown. The correct base service cost, cable rate and ceiling are looked up from Rate Master.
A5: 2 | B5: Enter Actual Cable | C5: Enter actual cable length in metres. The formula charges only up to the contractual maximum.
A6: 3 | B6: Execution Cost | C6: Base Service Cost + (Rate per metre × Allowed Cable). Separate mobilization/survey is NOT included.
A7: 4 | B7: Single Phase | C7: ₹50 mobilization is separate per APL consumer.
A8: 5 | B8: Three Phase | C8: ₹53 survey is separate and only added when Survey? = Yes.
A9: 6 | B9: Material Deduction | C9: Enter the applicable deduction only when WBSEDCL-supplied material is actually issued. The order states pro-rata deduction may be made.
A10: 7 | B10: GST | C10: GST is left as an input where applicable; do not assume a rate not stated in the source order.
A11: 8 | B11: CRM Check | C11: The CRM Check sheet verifies I4/2C4S/20m and I6/2C6S/20m against the uploaded RATES.xls values.
A12: 9 | B12: 3-Phase source | C12: Office Order No. 35 lists L16 ₹3974.88 + ₹106.05/m, L25 ₹4254.39 + ₹147/m, I16 ₹3251.09 + ₹106.05/m, I25 ₹3339.38 + ₹147/m, Drop 16/25 ₹1937.85 plus cable rate; max 27m except Drops max 10m.
